id,kind,category,subcategory,name,zone,current_file,state,priority,placements,size_px,format,target_path,constraints,owner,status,notes
mob-wolf,Art,Mob,Animal — canine,Wolf,,wolf.svg,drawn,P0,109,76–92,SVG,frontend/src/features/game-objects/assets/mobs/,portrait-rule; no-rotation; damage-flash,,,"⭐ Most-placed mob in the game. Lean forest wolf hunting prey and players. Sets the baseline read for ""enemy""."
mob-direwolf,Art,Mob,Animal — canine,DireWolf,,direWolf.svg,drawn,P1,43,96–112,SVG,frontend/src/features/game-objects/assets/mobs/,portrait-rule; no-rotation; damage-flash; darkness-overlay,,,Heavier dark-forest wolf. Same bite; the step-up is pure stats.
mob-elitewolf,Art,Mob,Animal — canine,EliteWolf,,eliteWolf.svg,drawn,P2,9,112–128,SVG,frontend/src/features/game-objects/assets/mobs/,portrait-rule; no-rotation; damage-flash; tier-ring,,,"The ""something big"" the forest sign warns about. Gets a silver ring."
mob-alphawolf,Art,Mob,Animal — canine,AlphaWolf,,alphaWolf.svg,drawn,P2,16,116–136,SVG,frontend/src/features/game-objects/assets/mobs/,portrait-rule; no-rotation; damage-flash,,,Apex of the line. Fast chaser near the village.
mob-bear,Art,Mob,Animal — ursine,Bear,,bear.svg,drawn,P2,16,140–164,SVG,frontend/src/features/game-objects/assets/mobs/,portrait-rule; no-rotation; damage-flash,,,Slow heavy tank that rages below half HP — no visual tell for that yet.
mob-direbear,Art,Mob,Animal — ursine,DireBear,,direBear.svg,drawn,P2,8,156–180,SVG,frontend/src/features/game-objects/assets/mobs/,portrait-rule; no-rotation; damage-flash; tier-ring,,,Largest non-boss wildlife in the game.
mob-boar,Art,Mob,Animal — prey,Boar,,wildboar.svg,drawn,P1,58,92–112,SVG,frontend/src/features/game-objects/assets/mobs/,portrait-rule; no-rotation; damage-flash,,,"Passive until hit, then gores. Must not look hostile — that's the point."
mob-stag,Art,Mob,Animal — prey,Stag,,stag.svg,drawn,P1,35,84–100,SVG,frontend/src/features/game-objects/assets/mobs/,portrait-rule; no-rotation; damage-flash,,,"Bolts on any damage, drops nothing. Carries the peaceful-world tone."
mob-spider,Art,Mob,Animal — spiders,Spider,,spider.svg,drawn,P2,17,76–92,SVG,frontend/src/features/game-objects/assets/mobs/,portrait-rule; no-rotation; damage-flash; darkness-overlay,,,"Tunnel spider, lifesteal bite. Staged in daylight at the west mouth first."
mob-venomspider,Art,Mob,Animal — spiders,VenomSpider,,venomSpider.svg,drawn,P2,6,84–100,SVG,frontend/src/features/game-objects/assets/mobs/,portrait-rule; no-rotation; damage-flash; darkness-overlay,,,"Deep-dark poison. Must differ from Spider in near-darkness, 8 px apart."
mob-giantspider,Art,Mob,Animal — spiders,GiantSpider,,giantSpider.svg,drawn,P2,5,116–136,SVG,frontend/src/features/game-objects/assets/mobs/,portrait-rule; no-rotation; damage-flash; darkness-overlay,,,Fastest normal mob in the game (0.95). Should look fast.
mob-kobold,Art,Mob,Small Fantasy — kobolds,Kobold,,kobold.svg,drawn,P1,20,60–72,SVG,frontend/src/features/game-objects/assets/mobs/,portrait-rule; no-rotation; damage-flash; darkness-overlay,,,"Weak swarm melee, flees at 25 %. Reads as a crowd — silhouette over detail."
mob-koboldranged,Art,Mob,Small Fantasy — kobolds,KoboldRanged,,koboldRanged.svg,drawn,P2,6,60–72,SVG,frontend/src/features/game-objects/assets/mobs/,portrait-rule; no-rotation; damage-flash; darkness-overlay,,,"Back-line volley. Same size as melee, so the drawing carries the difference."
mob-bandit,Art,Mob,Humanoid — bandits,Bandit,,bandit.svg,drawn,P1,21,72–84,SVG,frontend/src/features/game-objects/assets/mobs/,portrait-rule; no-rotation; damage-flash,,,The baseline human enemy. Blades + bleed. Never flees.
mob-banditranged,Art,Mob,Humanoid — bandits,BanditRanged,,banditRanged.svg,drawn,P2,4,72–84,SVG,frontend/src/features/game-objects/assets/mobs/,portrait-rule; no-rotation; damage-flash,,,Crossbow volley from behind the line.
mob-bandithealer,Art,Mob,Humanoid — bandits,BanditHealer,,banditHealer.svg,drawn,P0,3,72–84,SVG,frontend/src/features/game-objects/assets/mobs/,portrait-rule; no-rotation; damage-flash,,,⭐ Never attacks; out-heals a solo player. The encounter assumes you can spot it in a crowd instantly. Highest readability need on the list.
mob-banditpyromancer,Art,Mob,Humanoid — bandits,BanditPyromancer,,banditPyromancer.svg,drawn,P2,3,92–104,SVG,frontend/src/features/game-objects/assets/mobs/,portrait-rule; no-rotation; damage-flash,,,Fire mage hanging back behind the melee.
mob-rallydrummer,Art,Mob,Humanoid — bandits,RallyDrummer,,rallyDrummer.svg,drawn,P0,1,88–100,SVG,frontend/src/features/game-objects/assets/mobs/,portrait-rule; no-rotation; damage-flash,,,"⭐ Shields allies, never itself. Second kill-priority — same crowd problem."
mob-elitebandit,Art,Mob,Humanoid — bandits,EliteBandit,,eliteBandit.svg,drawn,P2,1,100–116,SVG,frontend/src/features/game-objects/assets/mobs/,portrait-rule; no-rotation; damage-flash; tier-ring,,,"Camp leader, crits. Silver ring."
mob-marauder,Art,Mob,Humanoid — bandits,Marauder,,marauder.svg,drawn,P2,10,88–104,SVG,frontend/src/features/game-objects/assets/mobs/,portrait-rule; no-rotation; damage-flash; tier-ring,,,Veteran outlaw past the camp — with no elite frame to lean on.
mob-orcgrunt,Art,Mob,Humanoid — orcs,OrcGrunt,,orcGrunt.svg,drawn,P2,3,84–96,SVG,frontend/src/features/game-objects/assets/mobs/,portrait-rule; no-rotation; damage-flash; tier-ring,,,Reinforcement wave add at the boss.
mob-orc,Art,Mob,Humanoid — orcs,Orc,,orc.svg,drawn,P0,12,104–120,SVG,frontend/src/features/game-objects/assets/mobs/,portrait-rule; no-rotation; damage-flash; tier-ring,,,⭐ Must read hostile while standing next to friendly soldiers. Faction contrast is the design job.
mob-orcwarlord,Art,Mob,Humanoid — orcs,OrcWarlord,,orcWarlord.svg,drawn,P0,,156–168,SVG,frontend/src/features/game-objects/assets/mobs/,portrait-rule; no-rotation; damage-flash; tier-ring,,,⭐ The world boss and the v1 completion beat. Only boss in the game. Gold ring.
mob-warbannertotem,Art,Mob,Humanoid — orcs,WarbannerTotem,,warbannerTotem.svg,drawn,P3,,100–108,SVG,frontend/src/features/game-objects/assets/mobs/,portrait-rule; no-rotation; damage-flash; tier-ring,,,"Two banners make the boss invulnerable. Must read ""break me"" across an arena."
mob-armysoldier,Art,Mob,Humanoid — human army,ArmySoldier,,armySoldier.svg,drawn,P0,18,72–84,SVG,frontend/src/features/game-objects/assets/mobs/,portrait-rule; no-rotation; damage-flash,,,⭐ The only friendly combatant in the world. Currently the same size as a Bandit — the friend/foe read is entirely on the art.
mob-fireelemental,Art,Mob,Elemental,FireElemental,,fireElemental.svg,drawn,P2,4,104–124,SVG,frontend/src/features/game-objects/assets/mobs/,portrait-rule; no-rotation; damage-flash,,,"A living flame. Advances, doesn't chase."
mob-greaterfireelemental,Art,Mob,Elemental,GreaterFireElemental,,greaterFireElemental.svg,drawn,P2,1,144–168,SVG,frontend/src/features/game-objects/assets/mobs/,portrait-rule; no-rotation; damage-flash; tier-ring,,,A walking furnace. The size gap is the tier signal — keep them obviously the same creature.
mob-troll,Art,Mob,Fantasy,Troll,,troll.svg,drawn,P2,6,128–144,SVG,frontend/src/features/game-objects/assets/mobs/,portrait-rule; no-rotation; damage-flash; tier-ring,,,Solitary bruiser at the map outskirts. Nothing else in the world looks like it should.
mob-turnip,Art,Mob,Harvest-mob,Turnip,,turnip.svg,drawn,P2,6,40–52,SVG,frontend/src/features/game-objects/assets/mobs/,portrait-rule; no-rotation; damage-flash,,,"Smallest sprite in the game. Immune to everything but Harvest. A plant you pull, not a creature you kill."
hazard-bramble,Art,Hazard,Obstacles & hazards,Bramble,,bramble.svg,drawn,P2,4,116–132,SVG,frontend/src/features/game-objects/assets/mobs/,no-rotation; damage-flash,,,"Thornwall sealing a forest shortcut. Must read breakable, unlike a tree."
hazard-rockfall,Art,Hazard,Obstacles & hazards,Rockfall,,rockfall.svg,drawn,P2,2,116–132,SVG,frontend/src/features/game-objects/assets/mobs/,no-rotation; damage-flash; darkness-overlay,,,Pickaxe-only wall sealing the venom-spider nest. Also needs to read in the dark.
hazard-poisonpool,Art,Hazard,Obstacles & hazards,PoisonPool,,poisonPool.svg,drawn,P2,15,120–140,SVG,frontend/src/features/game-objects/assets/mobs/,no-rotation; damage-flash,,,"Unkillable floor hazard. Ground-plane read: ""don't step here""."
hazard-spikebarricade,Art,Hazard,Obstacles & hazards,SpikeBarricade,,spikeBarricade.svg,drawn,P2,9,120–132,SVG,frontend/src/features/game-objects/assets/mobs/,no-rotation; damage-flash; tier-ring,,,Unkillable hazard shaping the approach to the boss.
fixture-campfire,Art,Fixture,Fixtures & player summons,Campfire,,campfire.svg,drawn,P0,5,120,SVG,frontend/src/features/game-objects/assets/mobs/,portrait-rule; no-rotation; damage-flash,,,"⭐ The most important friendly object in the game — bind point, respawn point, heal, fast-travel node. Players navigate by these."
fixture-camp,Art,Fixture,Fixtures & player summons,Camp,,campfire.svg,shared,P1,,60,SVG,frontend/src/features/game-objects/assets/mobs/,portrait-rule; no-rotation; damage-flash,,,"Your own temporary fire. Size is currently the only cue it's temporary — own art is a gameplay fix, not polish."
fixture-totem,Art,Fixture,Fixtures & player summons,Totem,,totem.svg,drawn,P3,,100,SVG,frontend/src/features/game-objects/assets/mobs/,portrait-rule; no-rotation; damage-flash,,,Stationary aura carrier.
fixture-firetotem,Art,Fixture,Fixtures & player summons,FireTotem,,fireTotem.svg,drawn,P3,,100,SVG,frontend/src/features/game-objects/assets/mobs/,portrait-rule; no-rotation; damage-flash,,,"Identical size to Totem — they're siblings, differ by drawing only."
fixture-companion,Art,Fixture,Fixtures & player summons,Companion,,companion.svg,drawn,P3,,80,SVG,frontend/src/features/game-objects/assets/mobs/,portrait-rule; no-rotation; damage-flash,,,Design intent: reuses the Dog look.
fixture-soldiercompanion,Art,Fixture,Fixtures & player summons,SoldierCompanion,,soldierCompanion.svg,drawn,P3,,68–76,SVG,frontend/src/features/game-objects/assets/mobs/,portrait-rule; no-rotation; damage-flash,,,The Call for Aid squad.
fixture-shieldbearercompanion,Art,Fixture,Fixtures & player summons,ShieldbearerCompanion,,shieldbearerCompanion.svg,drawn,P3,,76–84,SVG,frontend/src/features/game-objects/assets/mobs/,portrait-rule; no-rotation; damage-flash,,,The Hold the Line tank.
fixture-mediccompanion,Art,Fixture,Fixtures & player summons,MedicCompanion,,medicCompanion.svg,drawn,P3,,64–72,SVG,frontend/src/features/game-objects/assets/mobs/,portrait-rule; no-rotation; damage-flash,,,The Field Medics healer.
npc-farmer,Art,NPC,NPCs — talkers,Farmer,Z1 farm field,farmer.svg,drawn,P0,,,SVG,frontend/src/features/game-objects/assets/mobs/,portrait-rule; no-rotation; damage-flash,,,⭐ The first NPC a player ever meets. Teaches Harvest; gives the first two quests.
npc-hermit,Art,NPC,NPCs — talkers,Hermit,Z1 village,hermit.svg,drawn,P3,,,SVG,frontend/src/features/game-objects/assets/mobs/,portrait-rule; no-rotation; damage-flash,,,"The quest hub. Teaches First Aid, Heal, Calm, Charm Beast."
npc-towncrier,Art,NPC,NPCs — talkers,TownCrier,Z1 village centre,townCrier.svg,drawn,P3,,,SVG,frontend/src/features/game-objects/assets/mobs/,portrait-rule; no-rotation; damage-flash,,,The village-arrival anchor. Teaches Recall.
npc-dog,Art,NPC,NPCs — talkers,Dog,Z1 forest clearing,dogNpc.svg,drawn,P3,,,SVG,frontend/src/features/game-objects/assets/mobs/,portrait-rule; no-rotation; damage-flash,,,"Says ""Woof."" Teaches Summon Companion. Only non-human talker."
npc-miner,Art,NPC,NPCs — talkers,Miner,Z1 tunnel west mouth,miner.svg,drawn,P3,,,SVG,frontend/src/features/game-objects/assets/mobs/,portrait-rule; no-rotation; damage-flash; darkness-overlay,,,Teaches Pickaxe — the key handed out just before its lock.
npc-wanderer,Art,NPC,NPCs — talkers,Wanderer,Z1–2 roads,wanderer.svg,drawn,P0,,,SVG,frontend/src/features/game-objects/assets/mobs/,portrait-rule; no-rotation; damage-flash,,,⭐ The only NPC in the game that walks. Worth a walking pose.
npc-lamplesstraveller,Art,NPC,NPCs — talkers,LamplessTraveller,Z1 tunnel road,traveller.svg,drawn,P3,,,SVG,frontend/src/features/game-objects/assets/mobs/,portrait-rule; no-rotation; damage-flash; darkness-overlay,,,Trades his lamp for kobold kills. The turn-in is the only source of the Lantern aura in the world.
npc-lamplighter,Art,NPC,NPCs — talkers,Lamplighter,Z1 deep NW forest,hermit.svg,shared,P1,,,SVG,frontend/src/features/game-objects/assets/mobs/,portrait-rule; no-rotation; damage-flash,,,The forest hermit. Teaches Torch — carry your own light.
npc-shaman,Art,NPC,NPCs — talkers,Shaman,Z2 approach,hermit.svg,shared,P1,,,SVG,frontend/src/features/game-objects/assets/mobs/,portrait-rule; no-rotation; damage-flash,,,"Teaches Summon Totem, at his own fire."
npc-emberkeeper,Art,NPC,NPCs — talkers,Emberkeeper,Z2 north,hermit.svg,shared,P1,,,SVG,frontend/src/features/game-objects/assets/mobs/,portrait-rule; no-rotation; damage-flash,,,The fire ladder in one NPC: Torch → Ignite → Immolate.
npc-villagehealer,Art,NPC,NPCs — talkers,VillageHealer,Z2 village campfire,villageHealer.svg,drawn,P3,,,SVG,frontend/src/features/game-objects/assets/mobs/,portrait-rule; no-rotation; damage-flash,,,Teaches Revive — the group-support capstone.
npc-cityguard,Art,NPC,NPCs — talkers,CityGuard,Z2 City Gates,cityGuard.svg,drawn,P3,,,SVG,frontend/src/features/game-objects/assets/mobs/,portrait-rule; no-rotation; damage-flash,,,Teaches Strong. Gates shut while the front burns; Zone 3 teaser.
npc-frontcaptain,Art,NPC,NPCs — talkers,FrontCaptain,Z2 front staging,frontCaptain.svg,drawn,P3,,,SVG,frontend/src/features/game-objects/assets/mobs/,portrait-rule; no-rotation; damage-flash; tier-ring,,,Teaches Vanguard @L20. The last giver before the world boss — should look like the end of the road.
npc-forestsign,Art,NPC,NPCs — monuments & signs,ForestSign,Z1 dark-forest edge,signpost.svg,drawn,P3,,,SVG,frontend/src/features/game-objects/assets/mobs/,portrait-rule; no-rotation; damage-flash; darkness-overlay; tier-ring,,,"""DANGER! STAY AWAY!"" Points at the Elite Wolf — deliberately the only warning."
npc-ascensionstone,Art,NPC,NPCs — monuments & signs,AscensionStone,Z1 village,signpost.svg,shared,P0,,,SVG,frontend/src/features/game-objects/assets/mobs/,portrait-rule; no-rotation; damage-flash,,,"⭐ The meta-progression altar, where a max-level character is spent. The game's most significant object currently looks like a road sign. Owes a site, not just a prop."
npc-memorialstone,Art,NPC,NPCs — monuments & signs,MemorialStone,Z1 village,signpost.svg,shared,P1,,,SVG,frontend/src/features/game-objects/assets/mobs/,portrait-rule; no-rotation; damage-flash,,,Names of everyone ascended. Stands beside the stone — so the village has two identical signposts side by side.
npc-frontascensionstone,Art,NPC,NPCs — monuments & signs,FrontAscensionStone,Z2 front,signpost.svg,shared,P1,,,SVG,frontend/src/features/game-objects/assets/mobs/,portrait-rule; no-rotation; damage-flash,,,"The second site (level 25). Same kind of monument, war-front setting."
prop-tree,Art,Prop,Props,Tree,,roundTree.svg,drawn,P0,573,492,SVG,frontend/src/features/game-objects/assets/resources/,darkness-overlay,,,"⭐ Highest-value asset in the project. Every forest, farm edge, city street and tunnel approach. 2–4 variants would change the world's look more than anything else. Fixed rotation."
prop-tree-ground-spot,Art,Prop,Props,Tree ground spot,,treeSpot.svg,drawn,P0,573,344,SVG,frontend/src/features/game-objects/assets/resources/,darkness-overlay,,,The dark decal under every tree — what makes it feel planted. Randomly rotated. Re-cut it if the tree silhouette changes.
prop-boulder,Art,Prop,Props,Boulder,,stone.svg,shared,P0,116,456,SVG,frontend/src/features/game-objects/assets/resources/,,,,"Large blocking rock. Shadow baked in, never rotated."
prop-rock,Art,Prop,Props,Rock,,stone.svg,shared,P1,52,192,SVG,frontend/src/features/game-objects/assets/resources/,,,,"Same SVG as Boulder, just shrunk. Two real silhouettes = cheapest environment win after trees."
prop-mineral-ground-spot,Art,Prop,Props,Mineral ground spot,,stoneSpot.svg,drawn,P0,168,~0.7×,SVG,frontend/src/features/game-objects/assets/resources/,,,,The decal under every rock and boulder.
prop-house,Art,Prop,Props,House,,house.svg,drawn,P0,12,480 × 360,SVG,frontend/src/features/game-objects/assets/resources/,aspect-4:3,,,⭐ The only building in the game — the whole village is 12 copies. Aspect is load-bearing: anything not 4:3 visibly squashes.
prop-gatewall,Art,Prop,Props,GateWall,,gateWall.svg,drawn,P1,24,288 × 288,SVG,frontend/src/features/game-objects/assets/resources/,seamless-tiling,,,Rampart block for the city gate flanks and blocked roads. Must tile seamlessly — 24 sit shoulder to shoulder.
ground-decal-sand,Art,Ground decal,Ground decals,Sand,,sand1.svg,drawn,P0,372,150–300,SVG,frontend/src/features/game-objects/assets/resources/,rotates; flips,,,"⭐ Every road in the game is this one blob, scaled and flipped. Second-most-repeated image after the tree."
ground-decal-land,Art,Ground decal,Ground decals,Land,,land1.svg,drawn,P1,74,150–300,SVG,frontend/src/features/game-objects/assets/resources/,rotates; flips,,,"The same shape recoloured to the land colour, to paint land back over edges. Follows Sand."
ground-decal-stone-patch,Art,Ground decal,Ground decals,Stone Patch,,stonePatch.svg,drawn,P2,17,130–300,SVG,frontend/src/features/game-objects/assets/resources/,rotates; flips,,,Grey ground patch.
ground-decal-dark-stone-patch,Art,Ground decal,Ground decals,Dark Stone Patch,,darkStonePatch.svg,drawn,P3,0,130–300,SVG,frontend/src/features/game-objects/assets/resources/,darkness-overlay; rotates; flips,,,"Authored, never placed."
ground-decal-dark-green-grass-1,Art,Ground decal,Ground decals,Dark Green Grass 1,,darkGrass1.svg,drawn,P2,7,180–300,SVG,frontend/src/features/game-objects/assets/resources/,darkness-overlay; rotates; flips,,,Dark grass tuft cluster.
ground-decal-dark-green-grass-2,Art,Ground decal,Ground decals,Dark Green Grass 2,,darkGrass2.svg,drawn,P2,12,180–300,SVG,frontend/src/features/game-objects/assets/resources/,darkness-overlay; rotates; flips,,,Second dark tuft shape.
ground-decal-green-grass-1,Art,Ground decal,Ground decals,Green Grass 1,,grass1.svg,drawn,P2,6,180–300,SVG,frontend/src/features/game-objects/assets/resources/,rotates; flips,,,Light grass tuft cluster.
ground-decal-green-grass-2,Art,Ground decal,Ground decals,Green Grass 2,,grass2.svg,drawn,P2,4,180–300,SVG,frontend/src/features/game-objects/assets/resources/,rotates; flips,,,Second light tuft shape.
ground-decal-pebble,Art,Ground decal,Ground decals,Pebble,,pebble.svg,drawn,P2,1,130–200,SVG,frontend/src/features/game-objects/assets/resources/,rotates; flips,,,Small stone scatter.
ground-decal-dark-pebble,Art,Ground decal,Ground decals,Dark Pebble,,darkPebble.svg,drawn,P2,9,130–200,SVG,frontend/src/features/game-objects/assets/resources/,darkness-overlay; rotates; flips,,,Darker scatter.
ground-decal-rubble,Art,Ground decal,Ground decals,Rubble,,rubble.svg,drawn,P3,0,50–100,SVG,frontend/src/features/game-objects/assets/resources/,rotates; flips,,,Debris scatter. Never placed.
ground-decal-dark-rubble,Art,Ground decal,Ground decals,Dark Rubble,,darkRubble.svg,drawn,P2,15,50–100,SVG,frontend/src/features/game-objects/assets/resources/,darkness-overlay; rotates; flips,,,Darker debris.
ground-decal-puddle,Art,Ground decal,Ground decals,Puddle,,puddle.svg,drawn,P3,0,60–140,SVG,frontend/src/features/game-objects/assets/resources/,rotates; flips,,,Never placed.
ground-decal-dark-puddle,Art,Ground decal,Ground decals,Dark Puddle,,darkPuddle.svg,drawn,P3,0,60–140,SVG,frontend/src/features/game-objects/assets/resources/,darkness-overlay; rotates; flips,,,Never placed.
ground-decal-flowers,Art,Ground decal,Ground decals,Flowers,,flowers.svg,drawn,P2,15,70–100,SVG,frontend/src/features/game-objects/assets/resources/,rotates; flips,,,White-outlined cluster — currently the only colour accent in the terrain set.
ground-decal-leaves,Art,Ground decal,Ground decals,Leaves,,leaves.svg,drawn,P2,5,50–100,SVG,frontend/src/features/game-objects/assets/resources/,rotates; flips,,,Fallen leaf scatter.
constraint-land-colour,Constraint,Constraint,"Terrain base, lighting & structure",Land colour,,,n/a,P3,,,,,,,,Flat #006030. The canvas every asset sits on — changing it re-judges everything.
constraint-deep-water-colour,Constraint,Constraint,"Terrain base, lighting & structure",Deep water colour,,,n/a,P3,,,,,,,,"Flat #1C57B5, beyond the map edge."
constraint-shallow-water-colour,Constraint,Constraint,"Terrain base, lighting & structure",Shallow water colour,,,n/a,P3,,,,,,,,"Flat #287aff, the world-edge band."
constraint-dark-areas,Constraint,Constraint,"Terrain base, lighting & structure",Dark areas,,,n/a,P3,,,,,darkness-overlay,,,35 circles (tunnel + caves). Alpha mask with soft light holes. The hardest constraint on this page — test tunnel art against it.
constraint-campfire-sites,Constraint,Constraint,"Terrain base, lighting & structure",Campfire sites,,,n/a,P3,,,,,,,,"5 bindable fires, one the starting spawn. The only fixed landmarks players navigate by."
constraint-world-bounds,Constraint,Constraint,"Terrain base, lighting & structure",World bounds,,,n/a,P3,,,,,,,,144 × 72 m = 17280 × 8640 px. One screen is 20 m wide.
player-player-character,Art,Player,Player,Player character,,characters/player.svg,drawn,P0,,60,SVG,frontend/src/features/game-objects/assets/characters/,portrait-rule; no-rotation; damage-flash,,,⭐ One drawing is every player on the server — there's no avatar system yet. A portrait; never rotates. Smallest important sprite in the game.
player-player-hands,Art,Player,Player,Player hands,,,code,P3,,tiny,,frontend/src/features/game-objects/assets/characters/,portrait-rule; no-rotation; damage-flash,,,"Two circles drawn procedurally, skin #f2a586 + black outline. If the avatar's shape changes, these move or go."
player-corpse-gravestone,Art,Player,Player,Corpse / gravestone,,corpse.svg,drawn,P3,,100,SVG,frontend/src/features/game-objects/assets/characters/,portrait-rule; no-rotation; damage-flash,,,The marker at a death spot. Placeholder — death is a real beat in a game with a sacrifice loop.
vfx-aura-rings,Art,VFX,"In-world VFX — all code-drawn today,",Aura rings,,,code,P0,,,,,,,,"⭐ The single biggest VFX opportunity. Auras are the only way anything interacts, so this is the combat language. Currently plain circles. Colours (all placeholder): damage #e04a3c · dot #9a4ec9 · heal #4ec96a · shield #e0b83c · slow #4a9ae0 · light #f0dfa0 · resist #5fbfb0."
vfx-aura-tick-indicator,Art,VFX,"In-world VFX — all code-drawn today,",Aura tick indicator,,,code,P3,,,,,,,,The pulse when an aura fires — the beat that says damage landed.
vfx-effect-pips,Art,VFX,"In-world VFX — all code-drawn today,",Effect pips,,,code,P3,,,,,,,,"4 px dots over the head, one per applied effect. Shares the aura colour language on purpose. Known gap: a stun is indistinguishable from a slow on the wire."
vfx-overhead-health-bar,Art,VFX,"In-world VFX — all code-drawn today,",Overhead health bar,,,code,P3,,,,,,,,"Health + shield under every mob. Health #aa3b3b, shield #7dc3ff."
vfx-tier-frame-ring,Art,VFX,"In-world VFX — all code-drawn today,",Tier frame ring,,,code,P3,,,,,tier-ring,,,"Silver #c8ccd4 elite / gold #e8c04a boss. Normal gets none — a frame always means ""above baseline"". ⚑ Do not draw: replaced by the medallion rim layer (medallion-asset-spec.md §4.3); the normal-stays-bare rule survives the replacement."
vfx-nameplate-level,Art,VFX,"In-world VFX — all code-drawn today,",Nameplate & level,,,code,P3,,,,,,,,Difficulty-coloured text. Sits on top of every mob and eats the space under it.
vfx-interact-badge,Art,VFX,"In-world VFX — all code-drawn today,",Interact badge,,,code,P3,,,,,,,,"The ""you can talk to this"" marker over an NPC in range."
vfx-damage-flash,Art,VFX,"In-world VFX — all code-drawn today,",Damage flash,,,code,P3,,,,,,,,"Colour flood #BF153A over the whole sprite on hit, plus a gold burst ring for cooldowns. Applies to everything."
vfx-campfire-dwell-ring,Art,VFX,"In-world VFX — all code-drawn today,",Campfire dwell ring,,,code,P3,,,,,,,,Fills while you rest at a fire — the recovery timer made visible.
vfx-ascension-channel,Art,VFX,"In-world VFX — all code-drawn today,",Ascension channel,,,code,P0,,,,,,,,⭐ The 10 s channel that ends a character. The most important moment in the progression loop — and currently only the channelling player can see it.
vfx-darkness-overlay,Art,VFX,"In-world VFX — all code-drawn today,",Darkness overlay,,,code,P3,,,,,darkness-overlay,,,The mask itself. A constraint on art rather than an asset.
ui-damage-vignette,Art,UI,Screen & map,Damage vignette,,overlays/damage.svg,drawn,P3,,,SVG,,,,,Red screen edge on taking damage. The only full-screen art file in the project.
ui-map-markers,Art,UI,Screen & map,Map markers,,,code,P3,,,,,,,,"Minimap/world map dots. Own player #00008B, others white, tree green circle, stone grey hex, campfire orange ring #E37313. Known bug: your own 3.5 px dot vanishes under the 9 px campfire marker at your bound fire."
ui-npcplaceholder,Art,UI,Missing-art marker,NpcPlaceholder,,npcPlaceholder.svg,drawn,P3,,,SVG,,,,,"The loud ""unconfigured NPC"" marker. Keep it ugly on purpose. Not used by any shipped mob."
ui-ability-icons,Art,UI,"UI — deferred, out of scope for now",Ability icons,,,missing,P0,,,SVG,,,,,"⭐ 59 authored abilities and not one icon. The ability bar, spellbook and every tooltip render text. Listed for sizing: after the mob roster this is the largest art job in the project, and the one players stare at constantly."
ui-logo,Art,UI,"UI — deferred, out of scope for now",Logo,,logo.svg,drawn,P3,,,SVG,,,,,The Aura wordmark. Still carries the inherited branding lineage.
ui-settings-icon,Art,UI,"UI — deferred, out of scope for now",Settings icon,,settings-icon.svg,drawn,P3,,,SVG,,,,,Gear.
ui-day-cycle-icon,Art,UI,"UI — deferred, out of scope for now",Day cycle icon,,cycle-icon.svg,drawn,P3,,,SVG,,darkness-overlay,,,"Day/night indicator — the cycle is switched off at config level, so this is dark code."
terrain-fields,Art,Terrain profile,Ground — tiled texture,Fields,,Grass6.jpg,drawn,P0,,"seamless tile, 512² suggested",PNG,frontend/src/features/regions/assets/ground/,seamless-tiling; reads under blend mask; sits on land colour #006030,,,Zone 1 base ground. Shares Grass6 with Suburbs — the two must stop looking identical.
terrain-suburbs,Art,Terrain profile,Ground — tiled texture,Suburbs,,Grass6.jpg,drawn,P1,,"seamless tile, 512² suggested",PNG,frontend/src/features/regions/assets/ground/,seamless-tiling; reads under blend mask; sits on land colour #006030,,,Village/settled ground. Shares Grass6 with Fields.
terrain-ploughed,Art,Terrain profile,Ground - tiled texture,Ploughed,Z1,ploughed-placeholder.png,placeholder,P1,,seamless tile 750²,PNG,frontend/src/features/regions/assets/ground/,seamless-tiling; reads under blend mask; sits on land colour #006030,,,"Field plots, worn by POLYGONS on the Fields region (zone guide 2.2), not by regions. GENERATED placeholder (tools/make-field-tiles.mjs): furrow ridges with crevices between the clods. blend 0 - a field plot has straight man-made edges. Ships TWICE, as Ploughed and Ploughed Cross, because a profile has no rotation knob and one row direction everywhere reads as a printing error. scale 1 (NOT the usual 0.35): a tile covers 6.25 u and repeats ~1.7x on screen, where 0.35 repeated five times and read as corduroy. Furrows 0.57 u apart, soft rather than crisp, with sparse dark blotches breaking them - tuned against a reference image the PO supplied. Clods are a cellular lattice, now almost silent."
terrain-wheat,Art,Terrain profile,Ground - tiled texture,Wheat,Z1,wheat-placeholder.png,placeholder,P1,,seamless tile 750²,PNG,frontend/src/features/regions/assets/ground/,seamless-tiling; reads under blend mask; sits on land colour #006030,,,"Standing crop, same posture as Ploughed: a polygon plot, blend 0, and a Wheat Cross twin for the other row direction. GENERATED placeholder (tools/make-field-tiles.mjs), tuned against a tabletop static-grass reference the PO supplied: a dense flock of ~0.05 u TUFTS (the cellular lattice, not waves - wave marks read as squiggles or as ribbed card), with the drills deciding how much crop stands so bare earth shows between them. scale 1, drills 0.5 u apart. Fallback colour moved to #b08f4c with the art."
terrain-forest,Art,Terrain profile,Ground — tiled texture,Forest,,forest-placeholder.png,placeholder,P0,,"seamless tile, 512² suggested",PNG,frontend/src/features/regions/assets/ground/,seamless-tiling; reads under blend mask; sits on land colour #006030,,,Zone 2 base ground. GENERATED placeholder (tools/make-cellular-tiles.mjs): moss duff, two layers of scattered leaves, faint rootlets. Green because D14 makes the profile colour the fallback — a brown litter tile would flip hue on load. Real art wanted.
terrain-swamp,Art,Terrain profile,Ground — tiled texture,Swamp,,pd161.jpg,stock,P3,,"seamless tile, 512² suggested",PNG,frontend/src/features/regions/assets/ground/,seamless-tiling; reads under blend mask; sits on land colour #006030,,,Terrain profile. Colour #585044. All numbers [PLACEHOLDER].
terrain-coastal-cliff,Art,Terrain profile,Ground — tiled texture,Coastal Cliff,,sand.jpg,drawn,P3,,"seamless tile, 512² suggested",PNG,frontend/src/features/regions/assets/ground/,seamless-tiling; reads under blend mask; sits on land colour #006030,,,Terrain profile. Colour #9c8f74. All numbers [PLACEHOLDER].
terrain-coast,Art,Terrain profile,Ground — tiled texture,Coast,,sand.jpg,drawn,P3,,"seamless tile, 512² suggested",PNG,frontend/src/features/regions/assets/ground/,seamless-tiling; reads under blend mask; sits on land colour #006030,,,Terrain profile. Colour #dfc78d. All numbers [PLACEHOLDER].
terrain-magic-forest,Art,Terrain profile,Ground — tiled texture,Magic Forest,,pd184.jpg,stock,P3,,"seamless tile, 512² suggested",PNG,frontend/src/features/regions/assets/ground/,seamless-tiling; reads under blend mask; sits on land colour #006030,,,Terrain profile. Colour #6a52d4. All numbers [PLACEHOLDER].
terrain-dead-magic-forest,Art,Terrain profile,Ground — tiled texture,Dead Magic Forest,,pd153.jpg,stock,P3,,"seamless tile, 512² suggested",PNG,frontend/src/features/regions/assets/ground/,seamless-tiling; reads under blend mask; sits on land colour #006030,,,Terrain profile. Colour #3b2d78. All numbers [PLACEHOLDER].
terrain-ashen-fields,Art,Terrain profile,Ground — tiled texture,Ashen Fields,,pd163.jpg,stock,P3,,"seamless tile, 512² suggested",PNG,frontend/src/features/regions/assets/ground/,seamless-tiling; reads under blend mask; sits on land colour #006030,,,Terrain profile. Colour #8a2e1c. All numbers [PLACEHOLDER].
terrain-volcano,Art,Terrain profile,Ground — tiled texture,Volcano,,pd163.jpg,stock,P3,,"seamless tile, 512² suggested",PNG,frontend/src/features/regions/assets/ground/,seamless-tiling; reads under blend mask; sits on land colour #006030,,,Terrain profile. Colour #551a10. All numbers [PLACEHOLDER].
terrain-city,Art,Terrain profile,Ground — tiled texture,City,,pd141.jpg,stock,P3,,"seamless tile, 512² suggested",PNG,frontend/src/features/regions/assets/ground/,seamless-tiling; reads under blend mask; sits on land colour #006030,,,Terrain profile. Colour #7d7d80. All numbers [PLACEHOLDER].
terrain-derelict-fortress,Art,Terrain profile,Ground — tiled texture,Derelict Fortress,,pd143.jpg,stock,P3,,"seamless tile, 512² suggested",PNG,frontend/src/features/regions/assets/ground/,seamless-tiling; reads under blend mask; sits on land colour #006030,,,Terrain profile. Colour #4f4f53. All numbers [PLACEHOLDER].
terrain-desert,Art,Terrain profile,Ground — tiled texture,Desert,,pd106.jpg,stock,P3,,"seamless tile, 512² suggested",PNG,frontend/src/features/regions/assets/ground/,seamless-tiling; reads under blend mask; sits on land colour #006030,,,Terrain profile. Colour #dd9a4e. All numbers [PLACEHOLDER].
terrain-wasteland,Art,Terrain profile,Ground — tiled texture,Wasteland,,pd119.jpg,stock,P3,,"seamless tile, 512² suggested",PNG,frontend/src/features/regions/assets/ground/,seamless-tiling; reads under blend mask; sits on land colour #006030,,,Terrain profile. Colour #9a682f. All numbers [PLACEHOLDER].
terrain-mountains,Art,Terrain profile,Ground — tiled texture,Mountains,,pd196.jpg,stock,P3,,"seamless tile, 512² suggested",PNG,frontend/src/features/regions/assets/ground/,seamless-tiling; reads under blend mask; sits on land colour #006030,,,Terrain profile. Colour #736d66. All numbers [PLACEHOLDER].
terrain-ice,Art,Terrain profile,Ground — tiled texture,Ice,,,missing,P2,,"seamless tile, 512² suggested",PNG,frontend/src/features/regions/assets/ground/,seamless-tiling; reads under blend mask; sits on land colour #006030,,,No texture — flat colour.
terrain-wall,Art,Terrain profile,Ground — tiled texture,Wall,,wall-placeholder.png,placeholder,P2,,"seamless tile, 512² suggested",PNG,frontend/src/features/regions/assets/ground/,seamless-tiling; reads under blend mask; sits on land colour #006030,,,Worn by polygon outlines and blocking masses. GENERATED placeholder (tools/make-cellular-tiles.mjs): fieldstone courses of varied height with mortar joints. At scale 1 a stone is ~0.69 u, just under the 1 u boundary stroke. Real art wanted.
terrain-fence,Art,Terrain profile,Ground — tiled texture,Fence,Z1,fence-placeholder.png,placeholder,P2,,RGBA tile 750x96,PNG,frontend/src/features/regions/assets/ground/,DIRECTIONAL - requires alignTexture on the path; author width 0.40; the profile scale is NOT free,,,"⭐ The FIRST directional tile: WRONG unless its path authors alignTexture true, which turns the tile along the path AND registers it across the path. Generated by tools/make-fence-tile.mjs, the fifth technique family. ⛔ The first cut was OPAQUE and read as a boardwalk (PO: not like a fence at all) - because registration did not exist yet, so nothing could sit at a known height across the ribbon, and A FENCE IS MOSTLY GAPS. It is now RGBA, alone among the ground tiles: a thin rail with posts standing proud of it and grass showing through. ⚑ The tile PIXEL HEIGHT is load-bearing - fence in the middle 48 of 96 rows, so width 0.40 reveals exactly the fence; safe to 0.80. Posts every 2.08 u. No baked shadow (the tile turns with its path). Author one path per straight leg."
terrain-road,Art,Terrain profile,Ground — tiled texture,Road,,road-placeholder.png,placeholder,P0,,seamless tile 750²,PNG,frontend/src/features/regions/assets/ground/,seamless-tiling; reads under blend mask; sits on land colour #006030,,,"Every road in the game. GENERATED placeholder (tools/make-cellular-tiles.mjs, the cellular family's third tile): packed brown earth with two warm grades of pebble pressed into it and hairline dried-mud cracks, all of it DELIBERATELY QUIET. ⛔ It USED TO BORROW pd106, the DESERT tile, so every lane was golden sandstone - that was the whole brief. ⛑ Three faults worth not repeating, all of them only visible once the tile REPEATS: too few slow bed waves paint a diagonal corduroy stripe; a neutral-grey pebble reads BLUE against warm brown; and mud cracks as a ridged field make closed loops that read as worm trails until they are thin and faint. ⛔ NO CART RUTS - a rut is directional and would need alignTexture, which wants one path per straight leg, and all three Road paths are multi-point meanders. Ruts are a second tile. ⭐ It ships at a SIXTH of its first pass' detail (PO: reads a little messy) - a ground tile is looked THROUGH, not at, and every mark repeats nine times across a screen, so one that looks slightly empty alone is the one that is right in the world. Real art wanted."
terrain-water,Art,Terrain profile,Ground — tiled texture,Water,,water-placeholder.png,placeholder,P1,,"seamless tile, 512² suggested",PNG,frontend/src/features/regions/assets/ground/,seamless-tiling; reads under blend mask; sits on land colour #006030,,,Rivers and ponds. Placeholder PNG. Drift is authored; the tile is not.
terrain-bog,Art,Terrain profile,Ground — tiled texture,Bog,,bog-placeholder.png,placeholder,P2,,"seamless tile, 512² suggested",PNG,frontend/src/features/regions/assets/ground/,seamless-tiling; reads under blend mask; sits on land colour #006030,,,Swamp water. Placeholder PNG. First area-effect consumer when that ships.
terrain-lava,Art,Terrain profile,Ground — tiled texture,Lava,,lava-placeholder.png,placeholder,P3,,"seamless tile, 512² suggested",PNG,frontend/src/features/regions/assets/ground/,seamless-tiling; reads under blend mask; sits on land colour #006030,,,Placeholder PNG. No zone authors it yet.
atmos-cave-air,Art,Atmosphere,Air — darkness (colour only),Cave Air,,,n/a,P0,,"seamless tile, 512² suggested",—,,colour only — no file; a lantern erases it,,,Darkness 1.0 — full dark. The tunnel and underworld.
atmos-gloom,Art,Atmosphere,Air — darkness (colour only),Gloom,,,n/a,P2,,"seamless tile, 512² suggested",—,,colour only — no file; a lantern erases it,,,Darkness 0.55. The dark-forest banks.
atmos-canopy,Art,Atmosphere,Air — darkness (colour only),Canopy,,,n/a,P0,,"seamless tile, 512² suggested",—,,colour only — no file; a lantern erases it,,,"Zone 2 forest gloom — darkness 0.22, colour only. The Woodland mood depends on this number being judged."
atmos-storm-sky,Art,Atmosphere,Air — darkness (colour only),Storm Sky,,,n/a,P2,,"seamless tile, 512² suggested",—,,colour only — no file; a lantern erases it,,,"Darkness 0.28, colour only — no art file, only a number to judge. [PLACEHOLDER]."
atmos-fog,Art,Atmosphere,Air — haze (textured),Fog,,fog-placeholder.png,placeholder,P0,,"seamless tile, 512² suggested",PNG,frontend/src/features/regions/assets/ground/,seamless-tiling; drifts; compounds with darkness,,,"Haze 0.5 on a placeholder tile. Drifting suspended matter, nothing erases it but a clearing."
atmos-miasma,Art,Atmosphere,Air — haze (textured),Miasma,,miasma-placeholder.png,placeholder,P2,,"seamless tile, 512² suggested",PNG,frontend/src/features/regions/assets/ground/,seamless-tiling; drifts; compounds with darkness,,,Haze 0.45. Placeholder tile. [PLACEHOLDER] numbers.
atmos-rain,Art,Atmosphere,Air — haze (textured),Rain,,rain-placeholder.png,placeholder,P2,,"seamless tile, 512² suggested",PNG,frontend/src/features/regions/assets/ground/,seamless-tiling; drifts; compounds with darkness,,,Haze 0.42. Placeholder tile. [PLACEHOLDER] numbers.
atmos-snow,Art,Atmosphere,Air — haze (textured),Snow,,snow-placeholder.png,placeholder,P2,,"seamless tile, 512² suggested",PNG,frontend/src/features/regions/assets/ground/,seamless-tiling; drifts; compounds with darkness,,,Haze 0.38. Placeholder tile. [PLACEHOLDER] numbers.
atmos-ash-fall,Art,Atmosphere,Air — haze (textured),Ash Fall,,ash-placeholder.png,placeholder,P2,,"seamless tile, 512² suggested",PNG,frontend/src/features/regions/assets/ground/,seamless-tiling; drifts; compounds with darkness,,,Haze 0.4. Placeholder tile. [PLACEHOLDER] numbers.
atmos-sandstorm,Art,Atmosphere,Air — haze (textured),Sandstorm,,sand-storm-placeholder.png,placeholder,P2,,"seamless tile, 512² suggested",PNG,frontend/src/features/regions/assets/ground/,seamless-tiling; drifts; compounds with darkness,,,Haze 0.5. Placeholder tile. [PLACEHOLDER] numbers.
atmos-fairy-dust,Art,Atmosphere,Air — haze (textured),Fairy Dust,,fairy-placeholder.png,placeholder,P2,,"seamless tile, 512² suggested",PNG,frontend/src/features/regions/assets/ground/,seamless-tiling; drifts; compounds with darkness,,,Haze 0.75. Placeholder tile. [PLACEHOLDER] numbers.
mob-goblin,Art,Mob,Small Fantasy — goblins,Goblin,Z2 Woodland,,missing,P1,,60–76,PNG,frontend/src/features/game-objects/assets/mobs/,portrait-rule; no-rotation; damage-flash,,,"Named in the world bible beside Kobold; no definition and no art exist. Must read as a DIFFERENT species from Kobold at the same size, not a recolour."
mob-alphaboar,Art,Mob,Animal — prey,AlphaBoar,Z1 Farmland,wildboar_alpha.png,drawn,P2,,104–124,PNG,frontend/src/features/game-objects/assets/mobs/,portrait-rule; no-rotation; damage-flash,,,"Elite tusker leading the sounder, and the first elite a new player meets. It got its OWN silhouette rather than the entityType-variant shortcut this row used to allow — a mob whose only tell is the health bar is one the player cannot decide to avoid. Rendered at 52-62 (this column is DPR-2). Placement is the PO's: the mill POI takes exactly one."
npc-shepherd,Art,NPC,NPCs — talkers,Shepherd,Z1 north pasture,,missing,P2,,84,PNG,frontend/src/features/game-objects/assets/mobs/,portrait-rule; no-rotation; damage-flash,,,"Herder NPC for the pasture. A Farmer reskin is acceptable; a distinct one is better, since Farmer is the first NPC in the game."
mob-banditleader,Art,Mob,Humanoid — bandits,BanditLeader,Z2 bandit camp,,missing,P2,,100–116,PNG,frontend/src/features/game-objects/assets/mobs/,portrait-rule; no-rotation; damage-flash,,,"Named elite leading the Woodland camp. Content on top of EliteBandit — art optional, but a named antagonist with the generic elite face is a missed beat."
prop-tree-variant-2,Art,Prop,Props — new,Tree variant 2,,pineTree.svg,placeholder,P0,,216,SVG,frontend/src/features/game-objects/assets/resources/,no-rotation; shadow may be baked in,,,"⭐ The second tree silhouette, and the rule it was drawn to: a variant must differ in SILHOUETTE, never just in colour - the eye counts outlines long before it compares hues. roundTree is a smooth circle, this is a SPIKED WHEEL (four concentric whorls of drooping branch tips, which is what a spruce is from straight above). Placeholder SVG, body r0.9 vs the round tree 1.0, collider half that (the trunk). ⛑ The tiers are concentric, NOT offset toward the light - nudging them up-left fakes height and draws a LEANING tree, so the depth is a radial gradient plus a shade crescent instead. Colder and darker than roundTree #21790f, but held light enough to survive the Canopy darkness 0.22. Generic prop, so no treeSpot decal (hidden under the crown anyway)."
prop-tree-variant-3,Art,Prop,Props — new,Tree variant 3,,,missing,P1,,,PNG,frontend/src/features/game-objects/assets/resources/,no-rotation; shadow may be baked in,,,Third tree silhouette.
prop-dead-tree,Art,Prop,Props — new,Dead tree,,deadTree.svg,placeholder,P1,,228,SVG,frontend/src/features/game-objects/assets/resources/,no-rotation; shadow may be baked in,,,"⭐ The strongest silhouette in the forest set, and it is free: a LIVING tree from above is an opaque disc of leaves that hides its own structure, and a dead one IS the structure - the only forest prop that is neither round nor green. ⭐ The CAST SHADOW is the asset, not decoration: a flat branch diagram on flat ground reads as a crack in the earth, so the same limb geometry is drawn twice through <use> (never copied - a shadow out of step with its branches is worse than none), plus a third scaled-up pass for the dark outline, because a <use> cannot widen the strokes it references. ⛔ Collider 0.33 against a 0.95 visual - BRANCHES ARE AIR; blocking to the drip line would make it the most obstructive prop in the game while looking like the most passable. Grey-brown not black, to survive Canopy 0.22. ⛔ Plain href, never xlink:href - see pipeline.md 2. Placeholder SVG."
prop-stump,Art,Prop,Props — new,Stump,Z1,stump.svg,placeholder,P2,,132,SVG,frontend/src/features/game-objects/assets/resources/,no-rotation; shadow may be baked in,,,"Cut stump - reads as people work here at a farm edge and as decay in the forest. Placeholder SVG (body r0.55, collider 0.41: the root flare and the chips are art, not obstacle). ⭐ It has to say CUT, not BROKEN, and the rings do not do that - three things do: the FELLING NOTCH biting in from the rim (a snapped tree has a ragged spike, a felled one a clean V), the SAW KERF (straight parallel lines at one angle, indifferent to the centre, crossing the concentric rings), and the CHIPS thrown onto the grass. Rings are 2px off-centre or they read as a machined target. ⛔ The thick DARK BARK RING is load-bearing: haystack.svg was misread as a stump once, because a pale disc with radial lines IS a stump - the rim is what tells them apart."
prop-fallen-log,Art,Prop,Props — new,Fallen log,,fallenLog.svg,placeholder,P2,,288 x 84,SVG,frontend/src/features/game-objects/assets/resources/,rotatable (rect, C2b) - its baked shadow turns with it; preserveAspectRatio=none,,,"⭐ What makes it a log rather than a BEAM is that the two ends do not match: one sawn (end grain, rings off-centre) and one TORN (splinters past where the bark stops). Two identical ends is milled timber. The sawn end also makes it stump.svg's partner - the stump is the bottom of that cut and this is the top. ⭐ A cylinder is shaded ALONG its length, not around a centre, and the ridges follow the bands. ⛑ Rect body so the authored rotation turns the collider with it (C2b) - which is the point, a log should lie across a lane at any angle - at the known cost that the baked shadow turns too, the same trade Cart takes. ⛔ preserveAspectRatio=none is MANDATORY on the non-square viewBox (a95a2f0d). Placeholder SVG, body 2.4x0.7, blocking by definition."
prop-broken-fence,Art,Prop,Props — new,BrokenFence,Z1,brokenFence.svg,placeholder,P1,,240 x 192,SVG,frontend/src/features/game-objects/assets/resources/,rotatable (rect, C2b) - its baked shadow turns with it; preserveAspectRatio=none; NON-BLOCKING by definition,,,"⭐ The story beat at the fence line: something came THROUGH here (broken fence + wolves in the gap). ⛔ Its enemy is not UNDAMAGED, it is UNFINISHED - a tidy gap is a gate you have not hung yet, or a panel someone carried off. Three cues carry it: a SNAPPED post still rooted, its jagged crown sitting right beside fencePost.svg's clean squared top so the eye can compare; a rail STILL NAILED at one end and swung DOWN into the gap, the one diagonal in a language made of straight parallel lines; and the PIECES STILL THERE, because removed means gone. ⭐ It has a DIRECTION - everything loose is pushed to the inside, so rotating the prop points the break the other way. ⭐ A tuft of FLEECE on a splinter is the only non-wood mark and it is what names what was taken. ⛑ Non-blocking like the Gate, and the SAME 2.0x1.6 body on the same centreline, so one authored gap takes either prop. Placeholder SVG."
prop-bush,Art,Prop,Props — new,Bush,,bush.svg,placeholder,P1,,108,SVG,frontend/src/features/game-objects/assets/resources/,no-rotation; shadow may be baked in; NON-BLOCKING by definition,,,"The understorey - trees with nothing between them is an orchard. ⭐ NON-BLOCKING by definition, which IS the asset: the only forest filler that can be scattered by the hundred without adding a collider. A placement can still override it. ⛔ The hard part is that it must not read as a SMALL TREE, and size does not achieve that - three things do: no centre (the lobes are off-balance, the pale one up-left; centre the highlight and it is a sapling), a lumpy outline (five overlapping lobes with leaf marks straddling the rim), and a warmer yellower green than either tree. Placeholder SVG, body r0.45."
prop-fern,Art,Prop,Props — new,Fern,Z2,,missing,P2,,,PNG,frontend/src/features/game-objects/assets/resources/,no-rotation; shadow may be baked in,,,"Forest-floor filler, Zone 2."
prop-haystack,Art,Prop,Props — new,Haystack,Z1,haystack.svg,placeholder,P1,,204,SVG,frontend/src/features/game-objects/assets/resources/,no-rotation; shadow may be baked in,,,"Farmland vocabulary. Zone 1. Placeholder SVG (body r0.85): ragged straw mound, top-down. The first draft read as a TREE STUMP - a clean circle, concentric rings and even radial lines are growth rings; irregularity is what makes it straw."
prop-cart,Art,Prop,Props — new,Cart,Z1,cart.svg,placeholder,P1,,264x156,SVG,frontend/src/features/game-objects/assets/resources/,no-rotation; shadow may be baked in,,,"Farm cart. Doubles as the burnt-cart POI when wrecked. Placeholder SVG (body 2.2x1.3 rect; the viewBox carries the aspect, like house.svg). The shaft points WEST in the art; a rect prop turns with its collider (plan-prop-scale.md C2b), so rotate the placement to aim it."
prop-burnt-cart,Art,Prop,Props — new,Burnt cart,Z1,burntCart.svg,placeholder,P1,,264x156,SVG,frontend/src/features/game-objects/assets/resources/,rotatable (rect, C2b) - its baked shadow turns with it,,,"The bandit breadcrumb POI in Zone 1 - the story beat with no mob attached. Placeholder SVG, body 2.2x1.3 rect: the SAME body cart.svg carries, so a placement swaps between them without moving. Reads as the cart FIRST and the wreck second - same footprint, same wheel positions, same four iron corner braces, which survive because iron does not burn and are what identify the object. One wheel is OFF and lying flat, the only wheel in the game drawn as a real spoked circle rather than edge-on. The fire has a direction (east end holed, west end merely scorched) and the scorch spreads past the cart as a soft ash ring. No embers: a glow would date the fire to minutes ago and promise a fight this POI does not have."
prop-plough,Art,Prop,Props — new,Plough,Z1,,missing,P2,,,PNG,frontend/src/features/game-objects/assets/resources/,no-rotation; shadow may be baked in,,,Farmland dressing.
prop-well,Art,Prop,Props — new,Well,Z1,well.svg,placeholder,P1,,168,SVG,frontend/src/features/game-objects/assets/resources/,no-rotation; shadow may be baked in,,,"Village centre landmark. Placeholder SVG (body r0.7): stone ring, open shaft, thin winding beam. No roof - it would hide the hole that identifies it."
prop-trough,Art,Prop,Props — new,Trough,Z1,,missing,P3,,,PNG,frontend/src/features/game-objects/assets/resources/,no-rotation; shadow may be baked in,,,Farmyard dressing.
prop-barn,Art,Prop,Props — new,Barn,Z1,barn.svg,placeholder,P1,,720x480,SVG,frontend/src/features/game-objects/assets/resources/,rotatable (rect, C2b) - its baked shadow turns with it,,,"Second building type - the village was 12 copies of House. Placeholder SVG (body 6x4 rect, the biggest prop in the game; the viewBox carries the aspect, like house.svg). Reads as NOT-a-house by silhouette before colour: 3:2 against the house 4:3, a GAMBREL roof (two bands per side, not one), two ridge cupolas, a hoist beam off the west gable. Rect props DO turn with their collider (plan-prop-scale.md C2b), so it can face a road."
prop-cottage-variant,Art,Prop,Props — new,Cottage variant,Z1,cottage.svg,placeholder,P1,,360 x 312,SVG,frontend/src/features/game-objects/assets/resources/,no-rotation; shadow may be baked in; preserveAspectRatio=none,,,"⭐ The village's third building, so it stops being 12 copies of House. It separates from house.svg on MATERIAL first and shape second: the house is a TILED GABLE (two red rectangles either side of one long ridge, straight courses ruled across), this is a THATCHED HIP (four soft straw faces to a short ridge, pale gold, no straight line anywhere). Two buildings can share a footprint and still not be confusable if they are made of different stuff. ⭐ The RAGGED EAVE is the tell a tiled roof can never have - thatch frays rather than ends, drawn as a heavy DASHED stroke round the eave line so each dash is a bundle of straw ends. ⛑ Four separate gradients, one per face, dark at the eave and pale at the ridge: a hipped roof painted flat reads as an OPEN CRATE looked into from above, which is exactly what mill.svg had to be re-cut for. ⛑ Smaller and squarer than the house (3.0x2.6 vs 4x3) - hip a long rectangle and the ridge grows until it is a gable again. Stone chimney oversized on purpose: a thatched cottage needs its fire to be visibly non-flammable. Placeholder SVG."
prop-mill,Art,Prop,Props — new,Mill,Z1,mill.svg,placeholder,P2,,600x480,SVG,frontend/src/features/game-objects/assets/resources/,rotatable (rect, C2b) - its baked shadow turns with it,,,"The Zone 1 river POI, a landmark rather than scatter. Placeholder SVG (body 5x4 rect): the only STONE building in the village, hipped roof where house and barn are gabled, and a water wheel EDGE-ON - a vertical disc seen from above is a slab, not a circle, and what makes it read as a wheel is the paddles BUNCHING at both ends the way a projected circle does. No water is painted: the Water path already under it is the river. TURN it in Tiled to put the wheel in the stream (C2b rotates the collider with the sprite)."
prop-bridge-deck,Art,Prop,Props — new,Bridge deck,Z1,,missing,P1,,,PNG,frontend/src/features/game-objects/assets/resources/,no-rotation; shadow may be baked in,,,"The river crossing. ⚑ Must author crossesPaths:true and blocksMovement:false — both, or it walls its own deck (plan-world-paths L9)."
prop-fence-post,Art,Prop,Props — new,Fence post,,fencePost.svg,placeholder,P2,,53,SVG,frontend/src/features/game-objects/assets/resources/,no-rotation; shadow may be baked in,,,"Terminates hedgerow/fence paths, which have no end-cap art. Placeholder SVG (body r0.22): the post END GRAIN, seen top-down. No rail stubs - a path leaves in any direction and a prop rotation is never applied."
prop-gate,Art,Prop,Props — new,Gate,Z1,gate.svg,placeholder,P2,,240x192,SVG,frontend/src/features/game-objects/assets/resources/,rotatable (rect, C2b) - its baked shadow turns with it,,,"The break in a Fence path, and the only prop in the farm set that does NOT block - blocksMovement false, said out loud because absent means blocking. The fence is the wall, the gate is the door. ⭐ FULLY OPEN and fully passable, because a gate here is not interactable (PO 2026-09-20) so it has only two honest states - open+passable or closed+blocking - and the first draft was neither, a leaf half-swung over a gap you could walk through. The closed variant is a one-line change: swing the leaf back in line and drop the key. ⛔ The painted SWING ARC was cut (PO): real, but it drew a second banana-shaped object beside the leaf, and a gate that cannot move should not advertise the motion. What carries it now: two chunky posts on the sprite centreline with a clear gap, one bar square to the line, hinge straps, and an EMPTY latch keeper."
prop-palisade-segment,Art,Prop,Props — new,Palisade segment,Z2,palisade.svg,placeholder,P1,,288 x 96,SVG,frontend/src/features/game-objects/assets/resources/,rotatable (rect, C2b); seamless-tiling; GENERATED by tools/make-palisade.mjs; preserveAspectRatio=none,,,"⭐ GENERATED, and the only prop in the folder that is - because it is the only one that has to line up with a COPY OF ITSELF. The stake spacing is arithmetic, not taste, and nudging a circle to make one segment look better on its own breaks every join in the wall. ⛔ The tiling rule, both halves load-bearing: (1) the spacing STRADDLES THE SEAM - first stake half a spacing from the left edge, last half from the right, so two abutting segments put their end stakes one spacing apart like every other pair; centring a stake ON the edge doubles it at every join, a full margin leaves a gap. (2) the shadow is offset in Y ONLY, full width, square ends - an x offset cannot tile and would notch every join, so the seam wins and the light direction loses. ⭐ The art is one idea: a SHARPENED LOG TOP (four axe facets to an off-centre point), a deliberate contrast with fencePost.svg - same object, same angle, SQUARED top with end-grain rings. Squared = a fence to keep stock in; point = a wall to keep people out. Blocking. Abutting segments must SHARE a rotation."
prop-tent,Art,Prop,Props — new,Tent,Z2,,missing,P2,,,PNG,frontend/src/features/game-objects/assets/resources/,no-rotation; shadow may be baked in,,,Bandit camp.
prop-crate,Art,Prop,Props — new,Crate,Z1,crate.svg,placeholder,P3,,108,SVG,frontend/src/features/game-objects/assets/resources/,no-rotation; shadow may be baked in,,,"Camp/village clutter. Placeholder SVG (body 0.9x0.9 rect): lid boards, iron banding, top-down."
prop-torch,Art,Prop,Props - new,Torch,Z1,torch.svg,placeholder,P1,,62,SVG,frontend/src/features/game-objects/assets/resources/,no-rotation; shadow may be baked in,,,"The only prop that EMITS LIGHT. Half a campfire radius (3.5 u), punched into the darkness overlay from zone.props at load - never streamed, or a dark pocket pops lit the moment the torch enters the viewport. Placeholder SVG (body r0.26, about a player wide): a tiny campfire from above, palette lifted from mobs/campfire.svg. Draws at 62 px: doubled from r0.13 on 2026-09-20 because a torch is the one small prop a player looks at."
prop-signpost-art,Art,Prop,Props — new,Signpost art,Z2,,missing,P1,,,PNG,frontend/src/features/game-objects/assets/resources/,no-rotation; shadow may be baked in,,,ForestSign exists as an NPC but wears signpost.svg alongside three monuments — see the shared-art warning.
prop-mushroom-cluster,Art,Prop,Props — new,Mushroom cluster,Z2,,missing,P3,,,PNG,frontend/src/features/game-objects/assets/resources/,no-rotation; shadow may be baked in,,,"Forest floor dressing, Zone 2."
prop-mossy-rock,Art,Prop,Props — new,Mossy rock,Z2,,missing,P2,,,PNG,frontend/src/features/game-objects/assets/resources/,no-rotation; shadow may be baked in,,,Rock variant for the forest. Rock and Boulder are the same SVG scaled.
prop-cave-mouth-frame,Art,Prop,Props — new,Cave mouth frame,Z2,caveMouth.svg,placeholder,P1,,360 x 288,SVG,frontend/src/features/game-objects/assets/resources/,rotatable (rect, C2b) - the mouth opens SOUTH; NON-BLOCKING by definition; darkness-overlay; preserveAspectRatio=none,,,"⭐ A HOLE READS AS A HOLE BECAUSE IT HAS NO FLOOR - that is the whole problem and most of the drawing: the opening is a radial gradient to FLAT BLACK at its far edge, offset so the darkest point is at the BACK of the mouth, with no texture, no detail and no rim light. One pebble in there and it becomes a dark grey puddle. The near lip is darkened separately - the overhang's shadow falling in - and that is the depth cue. ⭐ The rock is deliberately PALE: instinct says a cave is dark, but this prop sits under Cave Air / Gloom and its job is to be FOUND, so dark rock round a black hole on dark ground is an invisible landmark. The contrast IS the signage. ⛔ NON-BLOCKING is not optional: travel fires from walking onto a named anchor (surface-west / surface-east, paired with the tunnel zone's under-*), so a blocking frame is a door that cannot be opened. ⛑ A rect collider cannot be rock-with-a-hole-in-it - wall the shoulders with a polygon or Boulders if you want them solid; this is the picture, not the geometry. The mouth opens SOUTH, so rotation aims the entrance. Placeholder SVG."
anim-campfire-flicker,Animation,Animation,Animation,Campfire flicker,,,blocked,P1,,,spritesheet?,,⛔ NO SPRITE-ANIMATION SUPPORT IN THE CLIENT — no AnimatedSprite anywhere. Every blocked row needs engine work first.,,,The most important friendly object in the game and it is a still image. Players navigate by these.
anim-water-surface-drift,Animation,Animation,Animation,Water surface drift,,,drawn,P2,,,code,,⛔ NO SPRITE-ANIMATION SUPPORT IN THE CLIENT — no AnimatedSprite anywhere. Every blocked row needs engine work first.,,,"SHIPPED as a texture scroll on the Water profile ([PLACEHOLDER] {0.4, 0.15} u/s) — not a sprite animation. Judge the numbers, do not draw frames."
anim-haze-drift,Animation,Animation,Animation,Haze drift,,,drawn,P2,,,code,,⛔ NO SPRITE-ANIMATION SUPPORT IN THE CLIENT — no AnimatedSprite anywhere. Every blocked row needs engine work first.,,,"SHIPPED as atmosphere scroll. Same: a number to judge, not frames to draw."
anim-wanderer-walk-cycle,Animation,Animation,Animation,Wanderer walk cycle,,,blocked,P2,,,spritesheet?,,⛔ NO SPRITE-ANIMATION SUPPORT IN THE CLIENT — no AnimatedSprite anywhere. Every blocked row needs engine work first.,,,The only NPC in the game that walks. Worth a walking pose even if it cannot animate yet.
anim-mob-idle-breathe,Animation,Animation,Animation,Mob idle breathe,,,blocked,P3,,,spritesheet?,,⛔ NO SPRITE-ANIMATION SUPPORT IN THE CLIENT — no AnimatedSprite anywhere. Every blocked row needs engine work first.,,,Would make a static portrait feel alive. Lowest-risk first animation if the engine gains support.
anim-bear-rage-tell,Animation,Animation,Animation,Bear rage tell,,,blocked,P2,,,spritesheet?,,⛔ NO SPRITE-ANIMATION SUPPORT IN THE CLIENT — no AnimatedSprite anywhere. Every blocked row needs engine work first.,,,"Bear rages below half HP with NO visual tell — a gameplay gap, not polish."
anim-death-dissolve,Animation,Animation,Animation,Death dissolve,,,blocked,P3,,,spritesheet?,,⛔ NO SPRITE-ANIMATION SUPPORT IN THE CLIENT — no AnimatedSprite anywhere. Every blocked row needs engine work first.,,,Death is a real beat in a game with a sacrifice loop; today a sprite just disappears.
anim-aura-ring-pulse,Animation,Animation,Animation,Aura ring pulse,,,code,P1,,,code,,⛔ NO SPRITE-ANIMATION SUPPORT IN THE CLIENT — no AnimatedSprite anywhere. Every blocked row needs engine work first.,,,"Code-drawn in AuraTickIndicator.ts. Auras are the ONLY way anything interacts, so this is the combat language."
music-main-theme,Audio,Music,Music,Main theme,,derpy-berryhunter.mp3,placeholder,P1,,,MP3,frontend/src/features/audio/assets/,loops seamlessly; volume under GameSettings audio.musicVolume; @pixi/sound,,,"The only music track in the game, autoplaying at boot, and it is INHERITED BERRYHUNTER BRANDING. Replacing it is identity work, not polish."
music-zone-1-ambient-bed,Audio,Music,Music,Zone 1 ambient bed,,,missing,P1,,,MP3,frontend/src/features/audio/assets/,loops seamlessly; volume under GameSettings audio.musicVolume; @pixi/sound,,,"Farmland day. Idyllic, unhurried — the tone the whole zone is built to sell."
music-zone-2-ambient-bed,Audio,Music,Music,Zone 2 ambient bed,,,missing,P1,,,MP3,frontend/src/features/audio/assets/,loops seamlessly; volume under GameSettings audio.musicVolume; @pixi/sound,,,"Deep forest. Close, damp, few people. Must work under the Canopy darkness."
music-combat-stinger,Audio,Music,Music,Combat stinger,,,missing,P2,,,MP3,frontend/src/features/audio/assets/,loops seamlessly; volume under GameSettings audio.musicVolume; @pixi/sound,,,Entering/leaving combat. No combat music exists.
music-boss-theme,Audio,Music,Music,Boss theme,,,missing,P2,,,MP3,frontend/src/features/audio/assets/,loops seamlessly; volume under GameSettings audio.musicVolume; @pixi/sound,,,The Orc Warlord — the only boss and the v1 completion beat.
music-ascension-theme,Audio,Music,Music,Ascension theme,,,missing,P1,,,MP3,frontend/src/features/audio/assets/,loops seamlessly; volume under GameSettings audio.musicVolume; @pixi/sound,,,The 10 s channel that ends a character. The most important moment in the progression loop and it is silent.
music-cave-underworld-bed,Audio,Music,Music,Cave/underworld bed,,,missing,P2,,,MP3,frontend/src/features/audio/assets/,loops seamlessly; volume under GameSettings audio.musicVolume; @pixi/sound,,,The tunnel and underworld. Pairs with Cave Air darkness 1.0.
sfx-footsteps-road,Audio,SFX,SFX,Footsteps — road,,750798__…road ×3,drawn,P3,,,MP3,frontend/src/features/audio/assets/,short; mono for spatial; @pixi/sound via SoundData.ts,,,Three variants exist and are wired.
sfx-footsteps-grass,Audio,SFX,SFX,Footsteps — grass,,,missing,P1,,,MP3,frontend/src/features/audio/assets/,short; mono for spatial; @pixi/sound via SoundData.ts,,,Zone 1 is entirely grass and the player sounds like they are on a road.
sfx-footsteps-forest-floor,Audio,SFX,SFX,Footsteps — forest floor,,,missing,P1,,,MP3,frontend/src/features/audio/assets/,short; mono for spatial; @pixi/sound via SoundData.ts,,,Zone 2. Surface-aware footsteps need the region profile to be readable at the player position — Regions.resolve already answers that.
sfx-footsteps-mud-water,Audio,SFX,SFX,Footsteps — mud/water,,,missing,P2,,,MP3,frontend/src/features/audio/assets/,short; mono for spatial; @pixi/sound via SoundData.ts,,,"River shallows, bog, camp mud."
sfx-campfire-crackle-loop,Audio,SFX,SFX,Campfire crackle loop,,,missing,P1,,,MP3,frontend/src/features/audio/assets/,short; mono for spatial; @pixi/sound via SoundData.ts,,,Spatial loop at every campfire. The navigation landmark should be audible before it is visible.
sfx-river-loop,Audio,SFX,SFX,River loop,,,missing,P2,,,MP3,frontend/src/features/audio/assets/,short; mono for spatial; @pixi/sound via SoundData.ts,,,Spatial loop along Water paths. SpatialAudio.ts already exists.
sfx-aura-hum-tick,Audio,SFX,SFX,Aura hum / tick,,,missing,P1,,,MP3,frontend/src/features/audio/assets/,short; mono for spatial; @pixi/sound via SoundData.ts,,,The aura is the whole combat system and it is silent. Pairs with the tick indicator.
sfx-level-up,Audio,SFX,SFX,Level up,,,missing,P1,,,MP3,frontend/src/features/audio/assets/,short; mono for spatial; @pixi/sound via SoundData.ts,,,No sound on the single most rewarding event in the loop.
sfx-quest-accept-complete,Audio,SFX,SFX,Quest accept / complete,,,missing,P2,,,MP3,frontend/src/features/audio/assets/,short; mono for spatial; @pixi/sound via SoundData.ts,,,Quest flow is entirely silent.
sfx-player-hurt,Audio,SFX,SFX,Player hurt,,413175__… ×5,drawn,P3,,,MP3,frontend/src/features/audio/assets/,short; mono for spatial; @pixi/sound via SoundData.ts,,,"Five inherited variants, wired."
sfx-player-swing,Audio,SFX,SFX,Player swing,,541994__… ×6,drawn,P3,,,MP3,frontend/src/features/audio/assets/,short; mono for spatial; @pixi/sound via SoundData.ts,,,"Six inherited variants, wired."
sfx-mob-death-per-family,Audio,SFX,SFX,Mob death — per family,,,missing,P2,,,MP3,frontend/src/features/audio/assets/,short; mono for spatial; @pixi/sound via SoundData.ts,,,One generic death today. Wolf/bandit/kobold/spider families should differ.
sfx-ui-click-panel,Audio,SFX,SFX,UI click / panel,,,missing,P3,,,MP3,frontend/src/features/audio/assets/,short; mono for spatial; @pixi/sound via SoundData.ts,,,The Inked Panel UI pass shipped C1–C8 with no audio at all.
